"ID","ALLMISS","EMPTYSTR","CONSTANT","NEGVAL","LONGTXT","EVENTDT"
"ROW-0001",,"","X",-23.5,"subject symptoms dose mild",2022-09-12
"ROW-0002",,"","X",-18.3,"unlikely to after related",
"ROW-0003",,"","X",-8.4,"to symptoms dose to",2022-10-08
"ROW-0004",,"A","X",-26,"second unlikely transient transient second without without after subject transient symptoms transient treatment investigator resolved investigator unlikely resolved study dose related transi",2022-06-26
"ROW-0005",,"","X",19.6,"mild treatment related investigator",2022-11-23
"ROW-0006",,"A","X",-15.9,"after the reported subject",
"ROW-0007",,"A","X",-2.3,"subject without study second",2022-08-30
"ROW-0008",,"","X",-16,"reported unlikely related symptoms without study reported unlikely symptoms reported resolved reported reported related reported symptoms mild treatment considered considered resolved treatm",2022-06-04
"ROW-0009",,"","X",-24.1,"symptoms after mild considered",2023-04-30
"ROW-0010",,"A","X",-12.9,"transient investigator second related",2023-01-08
"ROW-0011",,"","X",27.3,"considered mild treatment resolved",2022-12-15
"ROW-0012",,"","X",-11.5,"resolved considered to considered after dose transient transient study mild after after unlikely to the related dose the study after investigator transient unlikely reported the unlikely rep",2023-03-06
"ROW-0013",,"","X",-21.8,"study related the considered",2022-12-01
"ROW-0014",,"A","X",-10.9,"to dose resolved transient",2022-06-06
"ROW-0015",,"B","X",-17.2,"to subject treatment considered",2023-05-03
"ROW-0016",,"A","X",19.9,"to unlikely subject unlikely considered treatment without after treatment investigator second reported transient reported resolved without related second the study to reported investigator u",2022-11-09
"ROW-0017",,"","X",11.9,"considered unlikely resolved study",2023-01-07
"ROW-0018",,"A","X",17.1,"treatment reported study considered",2023-04-07
"ROW-0019",,"B","X",-16.6,"resolved treatment investigator investigator",2022-08-16
"ROW-0020",,"","X",-16.2,"considered without second treatment symptoms symptoms related unlikely symptoms subject to symptoms resolved without symptoms investigator to unlikely study investigator unlikely unlikely st",2023-07-02
"ROW-0021",,"A","X",10.5,"resolved mild subject unlikely",2023-04-12
"ROW-0022",,"B","X",6.1,"resolved after symptoms investigator",
"ROW-0023",,"B","X",-38.5,"dose unlikely study after",2023-05-13
"ROW-0024",,"","X",-15.9,"unlikely second after without resolved second the related study considered transient considered to mild transient reported related study transient resolved treatment investigator the to stud",2022-08-18
"ROW-0025",,"A","X",11.4,"mild transient without without",2022-12-13
"ROW-0026",,"B","X",-33.5,"to mild to resolved",2023-06-10
"ROW-0027",,"A","X",19.6,"related considered treatment considered",
"ROW-0028",,"A","X",-13.5,"unlikely study treatment related investigator without after considered to second mild symptoms dose symptoms to study related second unlikely dose second resolved to after study second after",2022-07-29
"ROW-0029",,"","X",-26.4,"the after resolved transient",2022-09-30
"ROW-0030",,"","X",-0.4,"treatment mild related study",2022-11-01
"ROW-0031",,"","X",8.3,"without dose to dose",2023-06-04
"ROW-0032",,"","X",-15.4,"dose second transient to dose resolved to without dose resolved reported related subject second symptoms symptoms second transient transient investigator transient the study to subject secon",2023-01-13
"ROW-0033",,"B","X",3.1,"second symptoms to transient",2022-11-14
"ROW-0034",,"","X",38.5,"without treatment symptoms to",2022-07-12
"ROW-0035",,"","X",22.6,"subject considered transient study",2023-03-23
"ROW-0036",,"","X",-23.3,"after resolved without reported symptoms transient symptoms unlikely without treatment subject investigator investigator considered considered after transient unlikely dose mild study study ",2023-03-07
"ROW-0037",,"A","X",-2.4,"resolved resolved second the",2023-05-29
"ROW-0038",,"B","X",20.8,"considered mild without reported",2022-11-23
"ROW-0039",,"","X",-1.7,"reported without resolved treatment",
"ROW-0040",,"A","X",-32.4,"second considered resolved after transient after resolved subject transient transient mild investigator without the mild mild symptoms treatment after study without transient related resolve",2022-12-30
